userID,firstName,lastName,userAddress,eMail,password,timestamp
,Brittne,Yewdell,1 Monument Lane,byewdell0@naver.com,wSEsymcry2a,2018-06-08 20:19:08
,Ban,McNiff,949 Esch Way,bmcniff1@ning.com,KHT0lG,2018-06-08 22:22:34
,Hammad,Pollendine,92 Anthes Street,hpollendine2@marketwatch.com,y3gMs9k4Y,2018-06-08 12:45:21
,Joete,Merwe,00 Fairfield Lane,jmerwe3@behance.net,IDcQAnuJnGd,2018-06-08 23:29:30
,Gussie,Kibbe,052 Scofield Way,gkibbe4@java.com,JdXTmL42,2018-06-08 5:35:07
,Moishe,Hamshere,5 Talisman Drive,mhamshere5@desdev.cn,m3Fyn2d,2018-06-08 12:12:21
,Elspeth,Herrema,181 Sunnyside Crossing,eherrema6@sciencedirect.com,JvfR1PlfrK,2018-06-08 5:12:21
,Neda,Jickells,277 Roth Road,njickells7@bbb.org,FP17tZ,2018-06-08 11:34:28
,Sergio,McCurrie,99 Delladonna Plaza,smccurrie8@engadget.com,deLhZuri6,2018-06-08 21:13:25
,Corny,Lemon,102 Nelson Crossing,clemon9@mysql.com,v5awdgryu,2018-06-08 17:13:46
,Carri,Manifield,02076 Michigan Hill,cmanifielda@admin.ch,pKMKmZom,2018-06-08 16:27:15
,Caldwell,Arrow,16 Village Green Avenue,carrowb@jimdo.com,P1z1vjUZR,2018-06-08 23:54:22
,Janey,Sweatland,5358 Union Alley,jsweatlandc@un.org,7h4Sn3I7,2018-06-08 1:16:47
,Kattie,Quenby,3 Susan Hill,kquenbyd@geocities.com,BOv1pi3,2018-06-08 14:47:47
,Nathanil,Challes,4750 Nobel Circle,nchallese@cdbaby.com,dVnlGg,2018-06-08 14:23:11
,Wait,Haylock,164 Carioca Pass,whaylockf@usa.gov,fCNb1aqtBbrj,2018-06-08 16:38:14
,Leese,Dudgeon,8 Park Meadow Alley,ldudgeong@fastcompany.com,OBXSEh,2018-06-08 7:43:14
,Hale,Stollmeyer,332 Mayfield Hill,hstollmeyerh@stumbleupon.com,GHOScx,2018-06-08 1:39:34
,Imelda,Calendar,880 Johnson Alley,icalendari@ucoz.com,WskiPeptG2Nz,2018-06-08 6:28:23
,Winston,Rogers,63 Burning Wood Circle,wrogersj@globo.com,spRTVwDCq,2018-06-08 21:53:16
,Dione,Drage,5005 Green Ridge Point,ddragek@imgur.com,QSm0AH,2018-06-08 5:58:50
,Ricky,Fieldsend,38112 Merchant Hill,rfieldsendl@hatena.ne.jp,HnaoUli6Ky,2018-06-08 17:00:56
,Edvard,Greenwood,4 Farwell Hill,egreenwoodm@scribd.com,mZ8DXn,2018-06-08 16:26:27
,Cherida,Nelson,6 Aberg Lane,cnelsonn@craigslist.org,sJZW1qB,2018-06-08 22:13:45
,Kort,Child,95394 North Park,kchildo@barnesandnoble.com,uaR86BLAvIL0,2018-06-08 0:14:23
,Minor,Liccardi,114 Coleman Way,mliccardip@vistaprint.com,TY5NxMTUiRm6,2018-06-08 4:25:15
,Joann,Keighley,011 Hoepker Circle,jkeighleyq@ihg.com,3AAL7k,2018-06-08 9:46:51
,Kirbie,Barrett,22 Miller Hill,kbarrettr@comcast.net,oMEeojZ5hew,2018-06-08 3:13:52
,Flor,Sarrell,0364 Prairie Rose Court,fsarrells@tiny.cc,a7GKnmOuwcPx,2018-06-08 3:13:29
,Alleen,Harrington,3323 Columbus Drive,aharringtont@nydailynews.com,LPMBrE,2018-06-08 20:17:12
,Becka,Kubala,68166 Westerfield Road,bkubalau@bloglovin.com,Gv3tKnNQu,2018-06-08 6:19:17
,Guillermo,Dargie,3942 Esch Avenue,gdargiev@wordpress.com,8EoI9sEYW1f,2018-06-08 7:40:37
,Lynea,Attoe,94 Union Park,lattoew@icio.us,Vq9KKGG,2018-06-08 5:39:40
,Darcy,Luter,250 Eastlawn Way,dluterx@scribd.com,0kX4yGJ,2018-06-08 19:00:50
,Pat,Merrison,82836 Algoma Pass,pmerrisony@aboutads.info,by4R6XcTszX,2018-06-08 17:59:30
,Nadia,Vaneschi,4056 Forest Run Circle,nvaneschiz@virginia.edu,IIB0tRFAVFol,2018-06-08 11:24:49
,Darnall,Delue,19474 Vernon Center,ddelue10@artisteer.com,zfdvAIrMd8,2018-06-08 16:32:18
,Hammad,Wheeliker,86 Corscot Plaza,hwheeliker11@e-recht24.de,izCpTaJu,2018-06-08 19:04:39
,Bryn,Samways,8 Rusk Plaza,bsamways12@auda.org.au,aj7FFE,2018-06-08 21:27:48
,Winny,Brisson,80 Parkside Drive,wbrisson13@hexun.com,rfOqzov,2018-06-08 16:54:54
,Carson,Obeney,20 Cottonwood Alley,cobeney14@aboutads.info,E9L2BNw,2018-06-08 2:51:08
,Noland,Peverell,2 Chive Street,npeverell15@google.com,fLmJrT6Iiq,2018-06-08 16:34:47
,Casey,Deluce,1815 Haas Alley,cdeluce16@fc2.com,XfqGRp,2018-06-08 17:42:19
,Bellina,Maevela,1473 Lyons Park,bmaevela17@lulu.com,cQX0kUENMw,2018-06-08 16:45:56
,Raymond,Digginson,24598 Cascade Alley,rdigginson18@rediff.com,JHRM8cAoMr,2018-06-08 3:32:03
,Opalina,Faint,05382 Mallard Crossing,ofaint19@sbwire.com,T9am47pun7z,2018-06-08 11:45:38
,Dyane,Carette,23700 Grover Street,dcarette1a@barnesandnoble.com,2WnngQh,2018-06-08 12:58:08
,Andra,Mallord,87560 Hudson Point,amallord1b@ow.ly,XXUtDNn6gv,2018-06-08 18:39:37
,Bernardine,Bolzen,3 Dexter Place,bbolzen1c@nifty.com,qi57NlXQ,2018-06-08 2:58:04
,Denise,Antosch,66520 Transport Terrace,dantosch1d@mit.edu,1lx7ufKIq,2018-06-08 0:29:06
